<?xml version="1.0" encoding="UTF-8"?>
<project-private xmlns="http://www.netbeans.org/ns/project-private/1">
    <editor-bookmarks xmlns="http://www.netbeans.org/ns/editor-bookmarks/2" lastBookmarkId="0"/>
    <open-files xmlns="http://www.netbeans.org/ns/projectui-open-files/2">
        <group>
            <file>file:/C:/Users/Lucas%20Brum/Exercicios-Algoritimos-e-programa-o-1/Unidade%203/LTP-Unidade04/src/ltp/unidade04/model/Revista.java</file>
            <file>file:/C:/Users/Lucas%20Brum/Exercicios-Algoritimos-e-programa-o-1/Unidade%203/LTP-Unidade04/src/ltp/unidade04/view/Principal.java</file>
            <file>file:/C:/Users/Lucas%20Brum/Exercicios-Algoritimos-e-programa-o-1/Unidade%203/LTP-Unidade04/src/ltp/unidade04/model/Disco.java</file>
            <file>file:/C:/Users/Lucas%20Brum/Exercicios-Algoritimos-e-programa-o-1/Unidade%203/LTP-Unidade04/src/ltp/unidade04/control/Biblioteca.java</file>
            <file>file:/C:/Users/Lucas%20Brum/Exercicios-Algoritimos-e-programa-o-1/Unidade%203/LTP-Unidade04/src/ltp/unidade04/model/Livro.java</file>
        </group>
    </open-files>
</project-private>
